threshold,cost_won,recall,precision,f1
0.01,120100000,0.9764705882352941,0.1930232558139535,0.32233009708737864
0.015,100200000,0.9647058823529412,0.24404761904761904,0.38954869358669836
0.02,100700000,0.9529411764705882,0.26129032258064516,0.41012658227848103
0.025,96400000,0.9411764705882353,0.29850746268656714,0.45325779036827196
0.03,92200000,0.9411764705882353,0.31496062992125984,0.471976401179941
0.035,85600000,0.9411764705882353,0.3448275862068966,0.5047318611987381
0.04,91200000,0.9294117647058824,0.3542600896860987,0.512987012987013
0.045000000000000005,87600000,0.9294117647058824,0.3744075829383886,0.5337837837837838
0.05,85500000,0.9294117647058824,0.3872549019607843,0.5467128027681661
0.055,80400000,0.9294117647058824,0.42245989304812837,0.5808823529411765
0.060000000000000005,77700000,0.9294117647058824,0.4438202247191011,0.6007604562737643
0.065,83600000,0.9176470588235294,0.4588235294117647,0.611764705882353
0.06999999999999999,99000000,0.8941176470588236,0.4578313253012048,0.6055776892430279
0.075,96900000,0.8941176470588236,0.4779874213836478,0.6229508196721312
0.08,95700000,0.8941176470588236,0.49032258064516127,0.6333333333333333
0.08499999999999999,101600000,0.8823529411764706,0.5102040816326531,0.646551724137931
0.09,101300000,0.8823529411764706,0.5136986301369864,0.6493506493506493
0.095,100100000,0.8823529411764706,0.528169014084507,0.6607929515418502
0.09999999999999999,107500000,0.8705882352941177,0.5323741007194245,0.6607142857142857
0.105,112800000,0.8588235294117647,0.5658914728682171,0.6822429906542056
0.11,112800000,0.8588235294117647,0.5658914728682171,0.6822429906542056
0.11499999999999999,111300000,0.8588235294117647,0.5887096774193549,0.6985645933014354
0.12,110400000,0.8588235294117647,0.6033057851239669,0.7087378640776699
0.125,109500000,0.8588235294117647,0.6186440677966102,0.7192118226600985
0.13,108000000,0.8588235294117647,0.6460176991150443,0.7373737373737373
0.135,107100000,0.8588235294117647,0.6636363636363637,0.7487179487179487
0.14,106200000,0.8588235294117647,0.6822429906542056,0.7604166666666666
0.14500000000000002,105300000,0.8588235294117647,0.7019230769230769,0.7724867724867724
0.15000000000000002,112700000,0.8470588235294118,0.7128712871287128,0.7741935483870968
0.155,112400000,0.8470588235294118,0.72,0.7783783783783784
0.16,111500000,0.8470588235294118,0.7422680412371134,0.7912087912087912
0.165,111200000,0.8470588235294118,0.75,0.7955801104972375
0.17,110900000,0.8470588235294118,0.7578947368421053,0.8
0.17500000000000002,110600000,0.8470588235294118,0.7659574468085106,0.8044692737430168
0.18000000000000002,110300000,0.8470588235294118,0.7741935483870968,0.8089887640449438
0.18500000000000003,110300000,0.8470588235294118,0.7741935483870968,0.8089887640449438
0.19,110300000,0.8470588235294118,0.7741935483870968,0.8089887640449438
0.195,109700000,0.8470588235294118,0.7912087912087912,0.8181818181818182
0.2,109700000,0.8470588235294118,0.7912087912087912,0.8181818181818182
0.20500000000000002,117400000,0.8352941176470589,0.797752808988764,0.8160919540229885
0.21000000000000002,117100000,0.8352941176470589,0.8068181818181818,0.8208092485549133
0.21500000000000002,117100000,0.8352941176470589,0.8068181818181818,0.8208092485549133
0.22,117100000,0.8352941176470589,0.8068181818181818,0.8208092485549133
0.225,117100000,0.8352941176470589,0.8068181818181818,0.8208092485549133
0.23,117100000,0.8352941176470589,0.8068181818181818,0.8208092485549133
0.23500000000000001,116800000,0.8352941176470589,0.8160919540229885,0.8255813953488372
0.24000000000000002,116200000,0.8352941176470589,0.8352941176470589,0.8352941176470589
0.24500000000000002,116200000,0.8352941176470589,0.8352941176470589,0.8352941176470589
0.25,116200000,0.8352941176470589,0.8352941176470589,0.8352941176470589
0.255,116200000,0.8352941176470589,0.8352941176470589,0.8352941176470589
0.26,115900000,0.8352941176470589,0.8452380952380952,0.8402366863905325
0.265,115900000,0.8352941176470589,0.8452380952380952,0.8402366863905325
0.27,115900000,0.8352941176470589,0.8452380952380952,0.8402366863905325
0.275,115300000,0.8352941176470589,0.8658536585365854,0.8502994011976048
0.28,115300000,0.8352941176470589,0.8658536585365854,0.8502994011976048
0.28500000000000003,115000000,0.8352941176470589,0.8765432098765432,0.8554216867469879
0.29000000000000004,115000000,0.8352941176470589,0.8765432098765432,0.8554216867469879
0.29500000000000004,115000000,0.8352941176470589,0.8765432098765432,0.8554216867469879
0.3,114700000,0.8352941176470589,0.8875,0.8606060606060606
0.305,114700000,0.8352941176470589,0.8875,0.8606060606060606
0.31,114700000,0.8352941176470589,0.8875,0.8606060606060606
0.315,114100000,0.8352941176470589,0.9102564102564102,0.8711656441717791
0.32,114100000,0.8352941176470589,0.9102564102564102,0.8711656441717791
0.325,114100000,0.8352941176470589,0.9102564102564102,0.8711656441717791
0.33,114100000,0.8352941176470589,0.9102564102564102,0.8711656441717791
0.335,113800000,0.8352941176470589,0.922077922077922,0.8765432098765432
0.34,113500000,0.8352941176470589,0.9342105263157895,0.8819875776397516
0.34500000000000003,113500000,0.8352941176470589,0.9342105263157895,0.8819875776397516
0.35000000000000003,113500000,0.8352941176470589,0.9342105263157895,0.8819875776397516
0.35500000000000004,113500000,0.8352941176470589,0.9342105263157895,0.8819875776397516
0.36000000000000004,113500000,0.8352941176470589,0.9342105263157895,0.8819875776397516
0.365,113500000,0.8352941176470589,0.9342105263157895,0.8819875776397516
0.37,121500000,0.8235294117647058,0.9333333333333333,0.875
0.375,121500000,0.8235294117647058,0.9333333333333333,0.875
0.38,121500000,0.8235294117647058,0.9333333333333333,0.875
0.385,121500000,0.8235294117647058,0.9333333333333333,0.875
0.39,121200000,0.8235294117647058,0.9459459459459459,0.8805031446540881
0.395,121200000,0.8235294117647058,0.9459459459459459,0.8805031446540881
0.4,121200000,0.8235294117647058,0.9459459459459459,0.8805031446540881
0.405,121200000,0.8235294117647058,0.9459459459459459,0.8805031446540881
0.41000000000000003,121200000,0.8235294117647058,0.9459459459459459,0.8805031446540881
0.41500000000000004,121200000,0.8235294117647058,0.9459459459459459,0.8805031446540881
0.42000000000000004,121200000,0.8235294117647058,0.9459459459459459,0.8805031446540881
0.42500000000000004,121200000,0.8235294117647058,0.9459459459459459,0.8805031446540881
0.43,121200000,0.8235294117647058,0.9459459459459459,0.8805031446540881
0.435,120900000,0.8235294117647058,0.958904109589041,0.8860759493670886
0.44,120900000,0.8235294117647058,0.958904109589041,0.8860759493670886
0.445,120900000,0.8235294117647058,0.958904109589041,0.8860759493670886
0.45,120900000,0.8235294117647058,0.958904109589041,0.8860759493670886
0.455,120900000,0.8235294117647058,0.958904109589041,0.8860759493670886
0.46,120900000,0.8235294117647058,0.958904109589041,0.8860759493670886
0.465,120900000,0.8235294117647058,0.958904109589041,0.8860759493670886
0.47000000000000003,120900000,0.8235294117647058,0.958904109589041,0.8860759493670886
0.47500000000000003,120900000,0.8235294117647058,0.958904109589041,0.8860759493670886
0.48000000000000004,120900000,0.8235294117647058,0.958904109589041,0.8860759493670886
0.48500000000000004,120900000,0.8235294117647058,0.958904109589041,0.8860759493670886
0.49,120900000,0.8235294117647058,0.958904109589041,0.8860759493670886
0.495,120900000,0.8235294117647058,0.958904109589041,0.8860759493670886
0.5,120900000,0.8235294117647058,0.958904109589041,0.8860759493670886
0.505,120900000,0.8235294117647058,0.958904109589041,0.8860759493670886
0.51,120900000,0.8235294117647058,0.958904109589041,0.8860759493670886
0.515,120900000,0.8235294117647058,0.958904109589041,0.8860759493670886
0.52,120900000,0.8235294117647058,0.958904109589041,0.8860759493670886
0.525,120900000,0.8235294117647058,0.958904109589041,0.8860759493670886
0.53,120900000,0.8235294117647058,0.958904109589041,0.8860759493670886
0.535,120900000,0.8235294117647058,0.958904109589041,0.8860759493670886
0.54,120900000,0.8235294117647058,0.958904109589041,0.8860759493670886
0.545,120900000,0.8235294117647058,0.958904109589041,0.8860759493670886
0.55,120900000,0.8235294117647058,0.958904109589041,0.8860759493670886
0.555,128900000,0.8117647058823529,0.9583333333333334,0.8789808917197452
0.56,128900000,0.8117647058823529,0.9583333333333334,0.8789808917197452
0.5650000000000001,128900000,0.8117647058823529,0.9583333333333334,0.8789808917197452
0.5700000000000001,128900000,0.8117647058823529,0.9583333333333334,0.8789808917197452
0.5750000000000001,128900000,0.8117647058823529,0.9583333333333334,0.8789808917197452
0.5800000000000001,128900000,0.8117647058823529,0.9583333333333334,0.8789808917197452
0.5850000000000001,128900000,0.8117647058823529,0.9583333333333334,0.8789808917197452
0.59,128900000,0.8117647058823529,0.9583333333333334,0.8789808917197452
0.595,128600000,0.8117647058823529,0.971830985915493,0.8846153846153846
0.6,136600000,0.8,0.9714285714285714,0.8774193548387097
0.605,144600000,0.788235294117647,0.9710144927536232,0.8701298701298701
0.61,152600000,0.7764705882352941,0.9705882352941176,0.8627450980392157
0.615,152600000,0.7764705882352941,0.9705882352941176,0.8627450980392157
0.62,152600000,0.7764705882352941,0.9705882352941176,0.8627450980392157
0.625,168600000,0.7529411764705882,0.9696969696969697,0.847682119205298
0.63,168600000,0.7529411764705882,0.9696969696969697,0.847682119205298
0.635,168600000,0.7529411764705882,0.9696969696969697,0.847682119205298
0.64,168600000,0.7529411764705882,0.9696969696969697,0.847682119205298
0.645,176600000,0.7411764705882353,0.9692307692307692,0.84
0.65,176600000,0.7411764705882353,0.9692307692307692,0.84
0.655,176600000,0.7411764705882353,0.9692307692307692,0.84
0.66,176600000,0.7411764705882353,0.9692307692307692,0.84
0.665,184600000,0.7294117647058823,0.96875,0.8322147651006712
0.67,184600000,0.7294117647058823,0.96875,0.8322147651006712
0.675,184600000,0.7294117647058823,0.96875,0.8322147651006712
0.68,184600000,0.7294117647058823,0.96875,0.8322147651006712
0.685,184600000,0.7294117647058823,0.96875,0.8322147651006712
0.6900000000000001,184600000,0.7294117647058823,0.96875,0.8322147651006712
0.6950000000000001,184600000,0.7294117647058823,0.96875,0.8322147651006712
0.7000000000000001,184600000,0.7294117647058823,0.96875,0.8322147651006712
0.7050000000000001,184600000,0.7294117647058823,0.96875,0.8322147651006712
0.7100000000000001,184600000,0.7294117647058823,0.96875,0.8322147651006712
0.715,192600000,0.7176470588235294,0.9682539682539683,0.8243243243243243
0.72,192600000,0.7176470588235294,0.9682539682539683,0.8243243243243243
0.725,200600000,0.7058823529411765,0.967741935483871,0.8163265306122449
0.73,200600000,0.7058823529411765,0.967741935483871,0.8163265306122449
0.735,200600000,0.7058823529411765,0.967741935483871,0.8163265306122449
0.74,208300000,0.6941176470588235,0.9833333333333333,0.8137931034482758
0.745,216300000,0.6823529411764706,0.9830508474576272,0.8055555555555556
0.75,216300000,0.6823529411764706,0.9830508474576272,0.8055555555555556
0.755,216300000,0.6823529411764706,0.9830508474576272,0.8055555555555556
0.76,216300000,0.6823529411764706,0.9830508474576272,0.8055555555555556
0.765,224300000,0.6705882352941176,0.9827586206896551,0.7972027972027972
0.77,224300000,0.6705882352941176,0.9827586206896551,0.7972027972027972
0.775,224300000,0.6705882352941176,0.9827586206896551,0.7972027972027972
0.78,224300000,0.6705882352941176,0.9827586206896551,0.7972027972027972
0.785,232300000,0.6588235294117647,0.9824561403508771,0.7887323943661971
0.79,232300000,0.6588235294117647,0.9824561403508771,0.7887323943661971
0.795,232000000,0.6588235294117647,1.0,0.7943262411347518
0.8,232000000,0.6588235294117647,1.0,0.7943262411347518
0.805,248000000,0.6352941176470588,1.0,0.7769784172661871
0.81,256000000,0.6235294117647059,1.0,0.7681159420289855
0.8150000000000001,264000000,0.611764705882353,1.0,0.7591240875912408
0.8200000000000001,272000000,0.6,1.0,0.75
0.8250000000000001,272000000,0.6,1.0,0.75
0.8300000000000001,272000000,0.6,1.0,0.75
0.8350000000000001,272000000,0.6,1.0,0.75
0.8400000000000001,272000000,0.6,1.0,0.75
0.845,272000000,0.6,1.0,0.75
0.85,272000000,0.6,1.0,0.75
0.855,272000000,0.6,1.0,0.75
0.86,272000000,0.6,1.0,0.75
0.865,288000000,0.5764705882352941,1.0,0.7313432835820896
0.87,288000000,0.5764705882352941,1.0,0.7313432835820896
0.875,288000000,0.5764705882352941,1.0,0.7313432835820896
0.88,296000000,0.5647058823529412,1.0,0.7218045112781954
0.885,312000000,0.5411764705882353,1.0,0.7022900763358778
0.89,312000000,0.5411764705882353,1.0,0.7022900763358778
0.895,320000000,0.5294117647058824,1.0,0.6923076923076923
0.9,344000000,0.49411764705882355,1.0,0.6614173228346457
0.905,352000000,0.4823529411764706,1.0,0.6507936507936508
0.91,352000000,0.4823529411764706,1.0,0.6507936507936508
0.915,360000000,0.47058823529411764,1.0,0.64
0.92,368000000,0.4588235294117647,1.0,0.6290322580645161
0.925,384000000,0.43529411764705883,1.0,0.6065573770491803
0.93,400000000,0.4117647058823529,1.0,0.5833333333333334
0.935,424000000,0.3764705882352941,1.0,0.5470085470085471
0.9400000000000001,432000000,0.36470588235294116,1.0,0.5344827586206896
0.9450000000000001,440000000,0.35294117647058826,1.0,0.5217391304347826
0.9500000000000001,472000000,0.3058823529411765,1.0,0.46846846846846846
0.9550000000000001,496000000,0.27058823529411763,1.0,0.42592592592592593
0.9600000000000001,536000000,0.21176470588235294,1.0,0.34951456310679613
0.9650000000000001,560000000,0.17647058823529413,1.0,0.3
0.97,600000000,0.11764705882352941,1.0,0.21052631578947367
0.975,648000000,0.047058823529411764,1.0,0.0898876404494382
0.98,656000000,0.03529411764705882,1.0,0.06818181818181818
0.985,680000000,0.0,0.0,0.0
0.99,680000000,0.0,0.0,0.0
